STRUCTURE,STRUCTURE_ID,ACTION,FREQ,FREQ_LABEL,REF_AREA,REF_AREA_LABEL,INDICATOR,INDICATOR_LABEL,SEX,SEX_LABEL,AGE,AGE_LABEL,URBANISATION,URBANISATION_LABEL,UNIT_MEASURE,UNIT_MEASURE_LABEL,COMP_BREAKDOWN_1,COMP_BREAKDOWN_1_LABEL,COMP_BREAKDOWN_2,COMP_BREAKDOWN_2_LABEL,COMP_BREAKDOWN_3,COMP_BREAKDOWN_3_LABEL,TIME_PERIOD,OBS_VALUE,DATABASE_ID,DATABASE_ID_LABEL,UNIT_MULT,UNIT_MULT_LABEL,UNIT_TYPE,UNIT_TYPE_LABEL,TIME_FORMAT,TIME_FORMAT_LABEL,COMMENT_OBS,OBS_STATUS,OBS_STATUS_LABEL,OBS_CONF,OBS_CONF_LABEL
datastructure,WB.DATA360:DS_DATA360(1.2),I,A,Annual,AFG,Afghanistan,WB_GTMI_GT2,Public Sector Delivery Index group,_T,Total,_T,All age ranges or no breakdown by age,_T,Total,NUMBER,Number,_Z,Not Applicable,_Z,Not Applicable,_Z,Not Applicable,2022,2.0,WB_GTMI,GovTech Maturity Index 2022,0,Units,NUMBER,Number (real number),602,CCYY,,A,Normal value,PU,Public
datastructure,WB.DATA360:DS_DATA360(1.2),I,A,Annual,ALB,Albania,WB_GTMI_GT2,Public Sector Delivery Index group,_T,Total,_T,All age ranges or no breakdown by age,_T,Total,NUMBER,Number,_Z,Not Applicable,_Z,Not Applicable,_Z,Not Applicable,2022,1.0,WB_GTMI,GovTech Maturity Index 2022,0,Units,NUMBER,Number (real number),602,CCYY,,A,Normal value,PU,Public
datastructure,WB.DATA360:DS_DATA360(1.2),I,A,Annual,DZA,Algeria,WB_GTMI_GT2,Public Sector Delivery Index group,_T,Total,_T,All age ranges or no breakdown by age,_T,Total,NUMBER,Number,_Z,Not Applicable,_Z,Not Applicable,_Z,Not Applicable,2022,2.0,WB_GTMI,GovTech Maturity Index 2022,0,Units,NUMBER,Number (real number),602,CCYY,,A,Normal value,PU,Public
datastructure,WB.DATA360:DS_DATA360(1.2),I,A,Annual,AND,Andorra,WB_GTMI_GT2,Public Sector Delivery Index group,_T,Total,_T,All age ranges or no breakdown by age,_T,Total,NUMBER,Number,_Z,Not Applicable,_Z,Not Applicable,_Z,Not Applicable,2022,2.0,WB_GTMI,GovTech Maturity Index 2022,0,Units,NUMBER,Number (real number),602,CCYY,,A,Normal value,PU,Public
datastructure,WB.DATA360:DS_DATA360(1.2),I,A,Annual,AGO,Angola,WB_GTMI_GT2,Public Sector Delivery Index group,_T,Total,_T,All age ranges or no breakdown by age,_T,Total,NUMBER,Number,_Z,Not Applicable,_Z,Not Applicable,_Z,Not Applicable,2022,2.0,WB_GTMI,GovTech Maturity Index 2022,0,Units,NUMBER,Number (real number),602,CCYY,,A,Normal value,PU,Public
datastructure,WB.DATA360:DS_DATA360(1.2),I,A,Annual,ATG,Antigua and Barbuda,WB_GTMI_GT2,Public Sector Delivery Index group,_T,Total,_T,All age ranges or no breakdown by age,_T,Total,NUMBER,Number,_Z,Not Applicable,_Z,Not Applicable,_Z,Not Applicable,2022,2.0,WB_GTMI,GovTech Maturity Index 2022,0,Units,NUMBER,Number (real number),602,CCYY,,A,Normal value,PU,Public
datastructure,WB.DATA360:DS_DATA360(1.2),I,A,Annual,ARG,Argentina,WB_GTMI_GT2,Public Sector Delivery Index group,_T,Total,_T,All age ranges or no breakdown by age,_T,Total,NUMBER,Number,_Z,Not Applicable,_Z,Not Applicable,_Z,Not Applicable,2022,1.0,WB_GTMI,GovTech Maturity Index 2022,0,Units,NUMBER,Number (real number),602,CCYY,,A,Normal value,PU,Public
datastructure,WB.DATA360:DS_DATA360(1.2),I,A,Annual,ARM,Armenia,WB_GTMI_GT2,Public Sector Delivery Index group,_T,Total,_T,All age ranges or no breakdown by age,_T,Total,NUMBER,Number,_Z,Not Applicable,_Z,Not Applicable,_Z,Not Applicable,2022,1.0,WB_GTMI,GovTech Maturity Index 2022,0,Units,NUMBER,Number (real number),602,CCYY,,A,Normal value,PU,Public
datastructure,WB.DATA360:DS_DATA360(1.2),I,A,Annual,AUS,Australia,WB_GTMI_GT2,Public Sector Delivery Index group,_T,Total,_T,All age ranges or no breakdown by age,_T,Total,NUMBER,Number,_Z,Not Applicable,_Z,Not Applicable,_Z,Not Applicable,2022,1.0,WB_GTMI,GovTech Maturity Index 2022,0,Units,NUMBER,Number (real number),602,CCYY,,A,Normal value,PU,Public
datastructure,WB.DATA360:DS_DATA360(1.2),I,A,Annual,AUT,Austria,WB_GTMI_GT2,Public Sector Delivery Index group,_T,Total,_T,All age ranges or no breakdown by age,_T,Total,NUMBER,Number,_Z,Not Applicable,_Z,Not Applicable,_Z,Not Applicable,2022,1.0,WB_GTMI,GovTech Maturity Index 2022,0,Units,NUMBER,Number (real number),602,CCYY,,A,Normal value,PU,Public
datastructure,WB.DATA360:DS_DATA360(1.2),I,A,Annual,AZE,Azerbaijan,WB_GTMI_GT2,Public Sector Delivery Index group,_T,Total,_T,All age ranges or no breakdown by age,_T,Total,NUMBER,Number,_Z,Not Applicable,_Z,Not Applicable,_Z,Not Applicable,2022,1.0,WB_GTMI,GovTech Maturity Index 2022,0,Units,NUMBER,Number (real number),602,CCYY,,A,Normal value,PU,Public
datastructure,WB.DATA360:DS_DATA360(1.2),I,A,Annual,BHS,"Bahamas, The",WB_GTMI_GT2,Public Sector Delivery Index group,_T,Total,_T,All age ranges or no breakdown by age,_T,Total,NUMBER,Number,_Z,Not Applicable,_Z,Not Applicable,_Z,Not Applicable,2022,1.0,WB_GTMI,GovTech Maturity Index 2022,0,Units,NUMBER,Number (real number),602,CCYY,,A,Normal value,PU,Public
datastructure,WB.DATA360:DS_DATA360(1.2),I,A,Annual,BHR,Bahrain,WB_GTMI_GT2,Public Sector Delivery Index group,_T,Total,_T,All age ranges or no breakdown by age,_T,Total,NUMBER,Number,_Z,Not Applicable,_Z,Not Applicable,_Z,Not Applicable,2022,1.0,WB_GTMI,GovTech Maturity Index 2022,0,Units,NUMBER,Number (real number),602,CCYY,,A,Normal value,PU,Public
datastructure,WB.DATA360:DS_DATA360(1.2),I,A,Annual,BGD,Bangladesh,WB_GTMI_GT2,Public Sector Delivery Index group,_T,Total,_T,All age ranges or no breakdown by age,_T,Total,NUMBER,Number,_Z,Not Applicable,_Z,Not Applicable,_Z,Not Applicable,2022,2.0,WB_GTMI,GovTech Maturity Index 2022,0,Units,NUMBER,Number (real number),602,CCYY,,A,Normal value,PU,Public
datastructure,WB.DATA360:DS_DATA360(1.2),I,A,Annual,BRB,Barbados,WB_GTMI_GT2,Public Sector Delivery Index group,_T,Total,_T,All age ranges or no breakdown by age,_T,Total,NUMBER,Number,_Z,Not Applicable,_Z,Not Applicable,_Z,Not Applicable,2022,2.0,WB_GTMI,GovTech Maturity Index 2022,0,Units,NUMBER,Number (real number),602,CCYY,,A,Normal value,PU,Public
datastructure,WB.DATA360:DS_DATA360(1.2),I,A,Annual,BLR,Belarus,WB_GTMI_GT2,Public Sector Delivery Index group,_T,Total,_T,All age ranges or no breakdown by age,_T,Total,NUMBER,Number,_Z,Not Applicable,_Z,Not Applicable,_Z,Not Applicable,2022,2.0,WB_GTMI,GovTech Maturity Index 2022,0,Units,NUMBER,Number (real number),602,CCYY,,A,Normal value,PU,Public
datastructure,WB.DATA360:DS_DATA360(1.2),I,A,Annual,BEL,Belgium,WB_GTMI_GT2,Public Sector Delivery Index group,_T,Total,_T,All age ranges or no breakdown by age,_T,Total,NUMBER,Number,_Z,Not Applicable,_Z,Not Applicable,_Z,Not Applicable,2022,1.0,WB_GTMI,GovTech Maturity Index 2022,0,Units,NUMBER,Number (real number),602,CCYY,,A,Normal value,PU,Public
datastructure,WB.DATA360:DS_DATA360(1.2),I,A,Annual,BLZ,Belize,WB_GTMI_GT2,Public Sector Delivery Index group,_T,Total,_T,All age ranges or no breakdown by age,_T,Total,NUMBER,Number,_Z,Not Applicable,_Z,Not Applicable,_Z,Not Applicable,2022,2.0,WB_GTMI,GovTech Maturity Index 2022,0,Units,NUMBER,Number (real number),602,CCYY,,A,Normal value,PU,Public
datastructure,WB.DATA360:DS_DATA360(1.2),I,A,Annual,BEN,Benin,WB_GTMI_GT2,Public Sector Delivery Index group,_T,Total,_T,All age ranges or no breakdown by age,_T,Total,NUMBER,Number,_Z,Not Applicable,_Z,Not Applicable,_Z,Not Applicable,2022,1.0,WB_GTMI,GovTech Maturity Index 2022,0,Units,NUMBER,Number (real number),602,CCYY,,A,Normal value,PU,Public
datastructure,WB.DATA360:DS_DATA360(1.2),I,A,Annual,BTN,Bhutan,WB_GTMI_GT2,Public Sector Delivery Index group,_T,Total,_T,All age ranges or no breakdown by age,_T,Total,NUMBER,Number,_Z,Not Applicable,_Z,Not Applicable,_Z,Not Applicable,2022,2.0,WB_GTMI,GovTech Maturity Index 2022,0,Units,NUMBER,Number (real number),602,CCYY,,A,Normal value,PU,Public
datastructure,WB.DATA360:DS_DATA360(1.2),I,A,Annual,BOL,Bolivia,WB_GTMI_GT2,Public Sector Delivery Index group,_T,Total,_T,All age ranges or no breakdown by age,_T,Total,NUMBER,Number,_Z,Not Applicable,_Z,Not Applicable,_Z,Not Applicable,2022,1.0,WB_GTMI,GovTech Maturity Index 2022,0,Units,NUMBER,Number (real number),602,CCYY,,A,Normal value,PU,Public
datastructure,WB.DATA360:DS_DATA360(1.2),I,A,Annual,BIH,Bosnia and Herzegovina,WB_GTMI_GT2,Public Sector Delivery Index group,_T,Total,_T,All age ranges or no breakdown by age,_T,Total,NUMBER,Number,_Z,Not Applicable,_Z,Not Applicable,_Z,Not Applicable,2022,3.0,WB_GTMI,GovTech Maturity Index 2022,0,Units,NUMBER,Number (real number),602,CCYY,,A,Normal value,PU,Public
datastructure,WB.DATA360:DS_DATA360(1.2),I,A,Annual,BWA,Botswana,WB_GTMI_GT2,Public Sector Delivery Index group,_T,Total,_T,All age ranges or no breakdown by age,_T,Total,NUMBER,Number,_Z,Not Applicable,_Z,Not Applicable,_Z,Not Applicable,2022,2.0,WB_GTMI,GovTech Maturity Index 2022,0,Units,NUMBER,Number (real number),602,CCYY,,A,Normal value,PU,Public
datastructure,WB.DATA360:DS_DATA360(1.2),I,A,Annual,BRA,Brazil,WB_GTMI_GT2,Public Sector Delivery Index group,_T,Total,_T,All age ranges or no breakdown by age,_T,Total,NUMBER,Number,_Z,Not Applicable,_Z,Not Applicable,_Z,Not Applicable,2022,1.0,WB_GTMI,GovTech Maturity Index 2022,0,Units,NUMBER,Number (real number),602,CCYY,,A,Normal value,PU,Public
datastructure,WB.DATA360:DS_DATA360(1.2),I,A,Annual,BRN,Brunei Darussalam,WB_GTMI_GT2,Public Sector Delivery Index group,_T,Total,_T,All age ranges or no breakdown by age,_T,Total,NUMBER,Number,_Z,Not Applicable,_Z,Not Applicable,_Z,Not Applicable,2022,1.0,WB_GTMI,GovTech Maturity Index 2022,0,Units,NUMBER,Number (real number),602,CCYY,,A,Normal value,PU,Public
datastructure,WB.DATA360:DS_DATA360(1.2),I,A,Annual,BGR,Bulgaria,WB_GTMI_GT2,Public Sector Delivery Index group,_T,Total,_T,All age ranges or no breakdown by age,_T,Total,NUMBER,Number,_Z,Not Applicable,_Z,Not Applicable,_Z,Not Applicable,2022,1.0,WB_GTMI,GovTech Maturity Index 2022,0,Units,NUMBER,Number (real number),602,CCYY,,A,Normal value,PU,Public
datastructure,WB.DATA360:DS_DATA360(1.2),I,A,Annual,BFA,Burkina Faso,WB_GTMI_GT2,Public Sector Delivery Index group,_T,Total,_T,All age ranges or no breakdown by age,_T,Total,NUMBER,Number,_Z,Not Applicable,_Z,Not Applicable,_Z,Not Applicable,2022,2.0,WB_GTMI,GovTech Maturity Index 2022,0,Units,NUMBER,Number (real number),602,CCYY,,A,Normal value,PU,Public
datastructure,WB.DATA360:DS_DATA360(1.2),I,A,Annual,BDI,Burundi,WB_GTMI_GT2,Public Sector Delivery Index group,_T,Total,_T,All age ranges or no breakdown by age,_T,Total,NUMBER,Number,_Z,Not Applicable,_Z,Not Applicable,_Z,Not Applicable,2022,2.0,WB_GTMI,GovTech Maturity Index 2022,0,Units,NUMBER,Number (real number),602,CCYY,,A,Normal value,PU,Public
datastructure,WB.DATA360:DS_DATA360(1.2),I,A,Annual,CPV,Cabo Verde,WB_GTMI_GT2,Public Sector Delivery Index group,_T,Total,_T,All age ranges or no breakdown by age,_T,Total,NUMBER,Number,_Z,Not Applicable,_Z,Not Applicable,_Z,Not Applicable,2022,1.0,WB_GTMI,GovTech Maturity Index 2022,0,Units,NUMBER,Number (real number),602,CCYY,,A,Normal value,PU,Public
datastructure,WB.DATA360:DS_DATA360(1.2),I,A,Annual,KHM,Cambodia,WB_GTMI_GT2,Public Sector Delivery Index group,_T,Total,_T,All age ranges or no breakdown by age,_T,Total,NUMBER,Number,_Z,Not Applicable,_Z,Not Applicable,_Z,Not Applicable,2022,2.0,WB_GTMI,GovTech Maturity Index 2022,0,Units,NUMBER,Number (real number),602,CCYY,,A,Normal value,PU,Public
datastructure,WB.DATA360:DS_DATA360(1.2),I,A,Annual,CMR,Cameroon,WB_GTMI_GT2,Public Sector Delivery Index group,_T,Total,_T,All age ranges or no breakdown by age,_T,Total,NUMBER,Number,_Z,Not Applicable,_Z,Not Applicable,_Z,Not Applicable,2022,3.0,WB_GTMI,GovTech Maturity Index 2022,0,Units,NUMBER,Number (real number),602,CCYY,,A,Normal value,PU,Public
datastructure,WB.DATA360:DS_DATA360(1.2),I,A,Annual,CAN,Canada,WB_GTMI_GT2,Public Sector Delivery Index group,_T,Total,_T,All age ranges or no breakdown by age,_T,Total,NUMBER,Number,_Z,Not Applicable,_Z,Not Applicable,_Z,Not Applicable,2022,1.0,WB_GTMI,GovTech Maturity Index 2022,0,Units,NUMBER,Number (real number),602,CCYY,,A,Normal value,PU,Public
datastructure,WB.DATA360:DS_DATA360(1.2),I,A,Annual,CAF,Central African Republic,WB_GTMI_GT2,Public Sector Delivery Index group,_T,Total,_T,All age ranges or no breakdown by age,_T,Total,NUMBER,Number,_Z,Not Applicable,_Z,Not Applicable,_Z,Not Applicable,2022,4.0,WB_GTMI,GovTech Maturity Index 2022,0,Units,NUMBER,Number (real number),602,CCYY,,A,Normal value,PU,Public
datastructure,WB.DATA360:DS_DATA360(1.2),I,A,Annual,TCD,Chad,WB_GTMI_GT2,Public Sector Delivery Index group,_T,Total,_T,All age ranges or no breakdown by age,_T,Total,NUMBER,Number,_Z,Not Applicable,_Z,Not Applicable,_Z,Not Applicable,2022,4.0,WB_GTMI,GovTech Maturity Index 2022,0,Units,NUMBER,Number (real number),602,CCYY,,A,Normal value,PU,Public
datastructure,WB.DATA360:DS_DATA360(1.2),I,A,Annual,CHL,Chile,WB_GTMI_GT2,Public Sector Delivery Index group,_T,Total,_T,All age ranges or no breakdown by age,_T,Total,NUMBER,Number,_Z,Not Applicable,_Z,Not Applicable,_Z,Not Applicable,2022,1.0,WB_GTMI,GovTech Maturity Index 2022,0,Units,NUMBER,Number (real number),602,CCYY,,A,Normal value,PU,Public
datastructure,WB.DATA360:DS_DATA360(1.2),I,A,Annual,CHN,China,WB_GTMI_GT2,Public Sector Delivery Index group,_T,Total,_T,All age ranges or no breakdown by age,_T,Total,NUMBER,Number,_Z,Not Applicable,_Z,Not Applicable,_Z,Not Applicable,2022,1.0,WB_GTMI,GovTech Maturity Index 2022,0,Units,NUMBER,Number (real number),602,CCYY,,A,Normal value,PU,Public
datastructure,WB.DATA360:DS_DATA360(1.2),I,A,Annual,COL,Colombia,WB_GTMI_GT2,Public Sector Delivery Index group,_T,Total,_T,All age ranges or no breakdown by age,_T,Total,NUMBER,Number,_Z,Not Applicable,_Z,Not Applicable,_Z,Not Applicable,2022,1.0,WB_GTMI,GovTech Maturity Index 2022,0,Units,NUMBER,Number (real number),602,CCYY,,A,Normal value,PU,Public
datastructure,WB.DATA360:DS_DATA360(1.2),I,A,Annual,COM,Comoros,WB_GTMI_GT2,Public Sector Delivery Index group,_T,Total,_T,All age ranges or no breakdown by age,_T,Total,NUMBER,Number,_Z,Not Applicable,_Z,Not Applicable,_Z,Not Applicable,2022,4.0,WB_GTMI,GovTech Maturity Index 2022,0,Units,NUMBER,Number (real number),602,CCYY,,A,Normal value,PU,Public
datastructure,WB.DATA360:DS_DATA360(1.2),I,A,Annual,COD,"Congo, Dem. Rep.",WB_GTMI_GT2,Public Sector Delivery Index group,_T,Total,_T,All age ranges or no breakdown by age,_T,Total,NUMBER,Number,_Z,Not Applicable,_Z,Not Applicable,_Z,Not Applicable,2022,3.0,WB_GTMI,GovTech Maturity Index 2022,0,Units,NUMBER,Number (real number),602,CCYY,,A,Normal value,PU,Public
datastructure,WB.DATA360:DS_DATA360(1.2),I,A,Annual,COG,"Congo, Rep.",WB_GTMI_GT2,Public Sector Delivery Index group,_T,Total,_T,All age ranges or no breakdown by age,_T,Total,NUMBER,Number,_Z,Not Applicable,_Z,Not Applicable,_Z,Not Applicable,2022,4.0,WB_GTMI,GovTech Maturity Index 2022,0,Units,NUMBER,Number (real number),602,CCYY,,A,Normal value,PU,Public
datastructure,WB.DATA360:DS_DATA360(1.2),I,A,Annual,CRI,Costa Rica,WB_GTMI_GT2,Public Sector Delivery Index group,_T,Total,_T,All age ranges or no breakdown by age,_T,Total,NUMBER,Number,_Z,Not Applicable,_Z,Not Applicable,_Z,Not Applicable,2022,2.0,WB_GTMI,GovTech Maturity Index 2022,0,Units,NUMBER,Number (real number),602,CCYY,,A,Normal value,PU,Public
datastructure,WB.DATA360:DS_DATA360(1.2),I,A,Annual,CIV,Cote d'Ivoire,WB_GTMI_GT2,Public Sector Delivery Index group,_T,Total,_T,All age ranges or no breakdown by age,_T,Total,NUMBER,Number,_Z,Not Applicable,_Z,Not Applicable,_Z,Not Applicable,2022,2.0,WB_GTMI,GovTech Maturity Index 2022,0,Units,NUMBER,Number (real number),602,CCYY,,A,Normal value,PU,Public
datastructure,WB.DATA360:DS_DATA360(1.2),I,A,Annual,HRV,Croatia,WB_GTMI_GT2,Public Sector Delivery Index group,_T,Total,_T,All age ranges or no breakdown by age,_T,Total,NUMBER,Number,_Z,Not Applicable,_Z,Not Applicable,_Z,Not Applicable,2022,1.0,WB_GTMI,GovTech Maturity Index 2022,0,Units,NUMBER,Number (real number),602,CCYY,,A,Normal value,PU,Public
datastructure,WB.DATA360:DS_DATA360(1.2),I,A,Annual,CUB,Cuba,WB_GTMI_GT2,Public Sector Delivery Index group,_T,Total,_T,All age ranges or no breakdown by age,_T,Total,NUMBER,Number,_Z,Not Applicable,_Z,Not Applicable,_Z,Not Applicable,2022,3.0,WB_GTMI,GovTech Maturity Index 2022,0,Units,NUMBER,Number (real number),602,CCYY,,A,Normal value,PU,Public
datastructure,WB.DATA360:DS_DATA360(1.2),I,A,Annual,CYP,Cyprus,WB_GTMI_GT2,Public Sector Delivery Index group,_T,Total,_T,All age ranges or no breakdown by age,_T,Total,NUMBER,Number,_Z,Not Applicable,_Z,Not Applicable,_Z,Not Applicable,2022,1.0,WB_GTMI,GovTech Maturity Index 2022,0,Units,NUMBER,Number (real number),602,CCYY,,A,Normal value,PU,Public
datastructure,WB.DATA360:DS_DATA360(1.2),I,A,Annual,CZE,Czechia,WB_GTMI_GT2,Public Sector Delivery Index group,_T,Total,_T,All age ranges or no breakdown by age,_T,Total,NUMBER,Number,_Z,Not Applicable,_Z,Not Applicable,_Z,Not Applicable,2022,1.0,WB_GTMI,GovTech Maturity Index 2022,0,Units,NUMBER,Number (real number),602,CCYY,,A,Normal value,PU,Public
datastructure,WB.DATA360:DS_DATA360(1.2),I,A,Annual,DNK,Denmark,WB_GTMI_GT2,Public Sector Delivery Index group,_T,Total,_T,All age ranges or no breakdown by age,_T,Total,NUMBER,Number,_Z,Not Applicable,_Z,Not Applicable,_Z,Not Applicable,2022,1.0,WB_GTMI,GovTech Maturity Index 2022,0,Units,NUMBER,Number (real number),602,CCYY,,A,Normal value,PU,Public
datastructure,WB.DATA360:DS_DATA360(1.2),I,A,Annual,DJI,Djibouti,WB_GTMI_GT2,Public Sector Delivery Index group,_T,Total,_T,All age ranges or no breakdown by age,_T,Total,NUMBER,Number,_Z,Not Applicable,_Z,Not Applicable,_Z,Not Applicable,2022,3.0,WB_GTMI,GovTech Maturity Index 2022,0,Units,NUMBER,Number (real number),602,CCYY,,A,Normal value,PU,Public
datastructure,WB.DATA360:DS_DATA360(1.2),I,A,Annual,DMA,Dominica,WB_GTMI_GT2,Public Sector Delivery Index group,_T,Total,_T,All age ranges or no breakdown by age,_T,Total,NUMBER,Number,_Z,Not Applicable,_Z,Not Applicable,_Z,Not Applicable,2022,3.0,WB_GTMI,GovTech Maturity Index 2022,0,Units,NUMBER,Number (real number),602,CCYY,,A,Normal value,PU,Public
datastructure,WB.DATA360:DS_DATA360(1.2),I,A,Annual,DOM,Dominican Republic,WB_GTMI_GT2,Public Sector Delivery Index group,_T,Total,_T,All age ranges or no breakdown by age,_T,Total,NUMBER,Number,_Z,Not Applicable,_Z,Not Applicable,_Z,Not Applicable,2022,1.0,WB_GTMI,GovTech Maturity Index 2022,0,Units,NUMBER,Number (real number),602,CCYY,,A,Normal value,PU,Public
datastructure,WB.DATA360:DS_DATA360(1.2),I,A,Annual,ECU,Ecuador,WB_GTMI_GT2,Public Sector Delivery Index group,_T,Total,_T,All age ranges or no breakdown by age,_T,Total,NUMBER,Number,_Z,Not Applicable,_Z,Not Applicable,_Z,Not Applicable,2022,1.0,WB_GTMI,GovTech Maturity Index 2022,0,Units,NUMBER,Number (real number),602,CCYY,,A,Normal value,PU,Public
datastructure,WB.DATA360:DS_DATA360(1.2),I,A,Annual,EGY,"Egypt, Arab Rep.",WB_GTMI_GT2,Public Sector Delivery Index group,_T,Total,_T,All age ranges or no breakdown by age,_T,Total,NUMBER,Number,_Z,Not Applicable,_Z,Not Applicable,_Z,Not Applicable,2022,1.0,WB_GTMI,GovTech Maturity Index 2022,0,Units,NUMBER,Number (real number),602,CCYY,,A,Normal value,PU,Public
datastructure,WB.DATA360:DS_DATA360(1.2),I,A,Annual,SLV,El Salvador,WB_GTMI_GT2,Public Sector Delivery Index group,_T,Total,_T,All age ranges or no breakdown by age,_T,Total,NUMBER,Number,_Z,Not Applicable,_Z,Not Applicable,_Z,Not Applicable,2022,1.0,WB_GTMI,GovTech Maturity Index 2022,0,Units,NUMBER,Number (real number),602,CCYY,,A,Normal value,PU,Public
datastructure,WB.DATA360:DS_DATA360(1.2),I,A,Annual,GNQ,Equatorial Guinea,WB_GTMI_GT2,Public Sector Delivery Index group,_T,Total,_T,All age ranges or no breakdown by age,_T,Total,NUMBER,Number,_Z,Not Applicable,_Z,Not Applicable,_Z,Not Applicable,2022,4.0,WB_GTMI,GovTech Maturity Index 2022,0,Units,NUMBER,Number (real number),602,CCYY,,A,Normal value,PU,Public
datastructure,WB.DATA360:DS_DATA360(1.2),I,A,Annual,ERI,Eritrea,WB_GTMI_GT2,Public Sector Delivery Index group,_T,Total,_T,All age ranges or no breakdown by age,_T,Total,NUMBER,Number,_Z,Not Applicable,_Z,Not Applicable,_Z,Not Applicable,2022,4.0,WB_GTMI,GovTech Maturity Index 2022,0,Units,NUMBER,Number (real number),602,CCYY,,A,Normal value,PU,Public
datastructure,WB.DATA360:DS_DATA360(1.2),I,A,Annual,EST,Estonia,WB_GTMI_GT2,Public Sector Delivery Index group,_T,Total,_T,All age ranges or no breakdown by age,_T,Total,NUMBER,Number,_Z,Not Applicable,_Z,Not Applicable,_Z,Not Applicable,2022,1.0,WB_GTMI,GovTech Maturity Index 2022,0,Units,NUMBER,Number (real number),602,CCYY,,A,Normal value,PU,Public
datastructure,WB.DATA360:DS_DATA360(1.2),I,A,Annual,SWZ,Eswatini,WB_GTMI_GT2,Public Sector Delivery Index group,_T,Total,_T,All age ranges or no breakdown by age,_T,Total,NUMBER,Number,_Z,Not Applicable,_Z,Not Applicable,_Z,Not Applicable,2022,3.0,WB_GTMI,GovTech Maturity Index 2022,0,Units,NUMBER,Number (real number),602,CCYY,,A,Normal value,PU,Public
datastructure,WB.DATA360:DS_DATA360(1.2),I,A,Annual,ETH,Ethiopia,WB_GTMI_GT2,Public Sector Delivery Index group,_T,Total,_T,All age ranges or no breakdown by age,_T,Total,NUMBER,Number,_Z,Not Applicable,_Z,Not Applicable,_Z,Not Applicable,2022,1.0,WB_GTMI,GovTech Maturity Index 2022,0,Units,NUMBER,Number (real number),602,CCYY,,A,Normal value,PU,Public
datastructure,WB.DATA360:DS_DATA360(1.2),I,A,Annual,FJI,Fiji,WB_GTMI_GT2,Public Sector Delivery Index group,_T,Total,_T,All age ranges or no breakdown by age,_T,Total,NUMBER,Number,_Z,Not Applicable,_Z,Not Applicable,_Z,Not Applicable,2022,2.0,WB_GTMI,GovTech Maturity Index 2022,0,Units,NUMBER,Number (real number),602,CCYY,,A,Normal value,PU,Public
datastructure,WB.DATA360:DS_DATA360(1.2),I,A,Annual,FIN,Finland,WB_GTMI_GT2,Public Sector Delivery Index group,_T,Total,_T,All age ranges or no breakdown by age,_T,Total,NUMBER,Number,_Z,Not Applicable,_Z,Not Applicable,_Z,Not Applicable,2022,1.0,WB_GTMI,GovTech Maturity Index 2022,0,Units,NUMBER,Number (real number),602,CCYY,,A,Normal value,PU,Public
datastructure,WB.DATA360:DS_DATA360(1.2),I,A,Annual,FRA,France,WB_GTMI_GT2,Public Sector Delivery Index group,_T,Total,_T,All age ranges or no breakdown by age,_T,Total,NUMBER,Number,_Z,Not Applicable,_Z,Not Applicable,_Z,Not Applicable,2022,1.0,WB_GTMI,GovTech Maturity Index 2022,0,Units,NUMBER,Number (real number),602,CCYY,,A,Normal value,PU,Public
datastructure,WB.DATA360:DS_DATA360(1.2),I,A,Annual,GAB,Gabon,WB_GTMI_GT2,Public Sector Delivery Index group,_T,Total,_T,All age ranges or no breakdown by age,_T,Total,NUMBER,Number,_Z,Not Applicable,_Z,Not Applicable,_Z,Not Applicable,2022,4.0,WB_GTMI,GovTech Maturity Index 2022,0,Units,NUMBER,Number (real number),602,CCYY,,A,Normal value,PU,Public
datastructure,WB.DATA360:DS_DATA360(1.2),I,A,Annual,GMB,"Gambia, The",WB_GTMI_GT2,Public Sector Delivery Index group,_T,Total,_T,All age ranges or no breakdown by age,_T,Total,NUMBER,Number,_Z,Not Applicable,_Z,Not Applicable,_Z,Not Applicable,2022,4.0,WB_GTMI,GovTech Maturity Index 2022,0,Units,NUMBER,Number (real number),602,CCYY,,A,Normal value,PU,Public
datastructure,WB.DATA360:DS_DATA360(1.2),I,A,Annual,GEO,Georgia,WB_GTMI_GT2,Public Sector Delivery Index group,_T,Total,_T,All age ranges or no breakdown by age,_T,Total,NUMBER,Number,_Z,Not Applicable,_Z,Not Applicable,_Z,Not Applicable,2022,2.0,WB_GTMI,GovTech Maturity Index 2022,0,Units,NUMBER,Number (real number),602,CCYY,,A,Normal value,PU,Public
datastructure,WB.DATA360:DS_DATA360(1.2),I,A,Annual,DEU,Germany,WB_GTMI_GT2,Public Sector Delivery Index group,_T,Total,_T,All age ranges or no breakdown by age,_T,Total,NUMBER,Number,_Z,Not Applicable,_Z,Not Applicable,_Z,Not Applicable,2022,1.0,WB_GTMI,GovTech Maturity Index 2022,0,Units,NUMBER,Number (real number),602,CCYY,,A,Normal value,PU,Public
datastructure,WB.DATA360:DS_DATA360(1.2),I,A,Annual,GHA,Ghana,WB_GTMI_GT2,Public Sector Delivery Index group,_T,Total,_T,All age ranges or no breakdown by age,_T,Total,NUMBER,Number,_Z,Not Applicable,_Z,Not Applicable,_Z,Not Applicable,2022,2.0,WB_GTMI,GovTech Maturity Index 2022,0,Units,NUMBER,Number (real number),602,CCYY,,A,Normal value,PU,Public
datastructure,WB.DATA360:DS_DATA360(1.2),I,A,Annual,GRC,Greece,WB_GTMI_GT2,Public Sector Delivery Index group,_T,Total,_T,All age ranges or no breakdown by age,_T,Total,NUMBER,Number,_Z,Not Applicable,_Z,Not Applicable,_Z,Not Applicable,2022,1.0,WB_GTMI,GovTech Maturity Index 2022,0,Units,NUMBER,Number (real number),602,CCYY,,A,Normal value,PU,Public
datastructure,WB.DATA360:DS_DATA360(1.2),I,A,Annual,GRD,Grenada,WB_GTMI_GT2,Public Sector Delivery Index group,_T,Total,_T,All age ranges or no breakdown by age,_T,Total,NUMBER,Number,_Z,Not Applicable,_Z,Not Applicable,_Z,Not Applicable,2022,3.0,WB_GTMI,GovTech Maturity Index 2022,0,Units,NUMBER,Number (real number),602,CCYY,,A,Normal value,PU,Public
datastructure,WB.DATA360:DS_DATA360(1.2),I,A,Annual,GTM,Guatemala,WB_GTMI_GT2,Public Sector Delivery Index group,_T,Total,_T,All age ranges or no breakdown by age,_T,Total,NUMBER,Number,_Z,Not Applicable,_Z,Not Applicable,_Z,Not Applicable,2022,1.0,WB_GTMI,GovTech Maturity Index 2022,0,Units,NUMBER,Number (real number),602,CCYY,,A,Normal value,PU,Public
datastructure,WB.DATA360:DS_DATA360(1.2),I,A,Annual,GIN,Guinea,WB_GTMI_GT2,Public Sector Delivery Index group,_T,Total,_T,All age ranges or no breakdown by age,_T,Total,NUMBER,Number,_Z,Not Applicable,_Z,Not Applicable,_Z,Not Applicable,2022,4.0,WB_GTMI,GovTech Maturity Index 2022,0,Units,NUMBER,Number (real number),602,CCYY,,A,Normal value,PU,Public
datastructure,WB.DATA360:DS_DATA360(1.2),I,A,Annual,GNB,Guinea-Bissau,WB_GTMI_GT2,Public Sector Delivery Index group,_T,Total,_T,All age ranges or no breakdown by age,_T,Total,NUMBER,Number,_Z,Not Applicable,_Z,Not Applicable,_Z,Not Applicable,2022,3.0,WB_GTMI,GovTech Maturity Index 2022,0,Units,NUMBER,Number (real number),602,CCYY,,A,Normal value,PU,Public
datastructure,WB.DATA360:DS_DATA360(1.2),I,A,Annual,GUY,Guyana,WB_GTMI_GT2,Public Sector Delivery Index group,_T,Total,_T,All age ranges or no breakdown by age,_T,Total,NUMBER,Number,_Z,Not Applicable,_Z,Not Applicable,_Z,Not Applicable,2022,2.0,WB_GTMI,GovTech Maturity Index 2022,0,Units,NUMBER,Number (real number),602,CCYY,,A,Normal value,PU,Public
datastructure,WB.DATA360:DS_DATA360(1.2),I,A,Annual,HTI,Haiti,WB_GTMI_GT2,Public Sector Delivery Index group,_T,Total,_T,All age ranges or no breakdown by age,_T,Total,NUMBER,Number,_Z,Not Applicable,_Z,Not Applicable,_Z,Not Applicable,2022,4.0,WB_GTMI,GovTech Maturity Index 2022,0,Units,NUMBER,Number (real number),602,CCYY,,A,Normal value,PU,Public
datastructure,WB.DATA360:DS_DATA360(1.2),I,A,Annual,HND,Honduras,WB_GTMI_GT2,Public Sector Delivery Index group,_T,Total,_T,All age ranges or no breakdown by age,_T,Total,NUMBER,Number,_Z,Not Applicable,_Z,Not Applicable,_Z,Not Applicable,2022,3.0,WB_GTMI,GovTech Maturity Index 2022,0,Units,NUMBER,Number (real number),602,CCYY,,A,Normal value,PU,Public
datastructure,WB.DATA360:DS_DATA360(1.2),I,A,Annual,HKG,"Hong Kong SAR, China",WB_GTMI_GT2,Public Sector Delivery Index group,_T,Total,_T,All age ranges or no breakdown by age,_T,Total,NUMBER,Number,_Z,Not Applicable,_Z,Not Applicable,_Z,Not Applicable,2022,1.0,WB_GTMI,GovTech Maturity Index 2022,0,Units,NUMBER,Number (real number),602,CCYY,,A,Normal value,PU,Public
datastructure,WB.DATA360:DS_DATA360(1.2),I,A,Annual,HUN,Hungary,WB_GTMI_GT2,Public Sector Delivery Index group,_T,Total,_T,All age ranges or no breakdown by age,_T,Total,NUMBER,Number,_Z,Not Applicable,_Z,Not Applicable,_Z,Not Applicable,2022,1.0,WB_GTMI,GovTech Maturity Index 2022,0,Units,NUMBER,Number (real number),602,CCYY,,A,Normal value,PU,Public
datastructure,WB.DATA360:DS_DATA360(1.2),I,A,Annual,ISL,Iceland,WB_GTMI_GT2,Public Sector Delivery Index group,_T,Total,_T,All age ranges or no breakdown by age,_T,Total,NUMBER,Number,_Z,Not Applicable,_Z,Not Applicable,_Z,Not Applicable,2022,1.0,WB_GTMI,GovTech Maturity Index 2022,0,Units,NUMBER,Number (real number),602,CCYY,,A,Normal value,PU,Public
datastructure,WB.DATA360:DS_DATA360(1.2),I,A,Annual,IND,India,WB_GTMI_GT2,Public Sector Delivery Index group,_T,Total,_T,All age ranges or no breakdown by age,_T,Total,NUMBER,Number,_Z,Not Applicable,_Z,Not Applicable,_Z,Not Applicable,2022,1.0,WB_GTMI,GovTech Maturity Index 2022,0,Units,NUMBER,Number (real number),602,CCYY,,A,Normal value,PU,Public
datastructure,WB.DATA360:DS_DATA360(1.2),I,A,Annual,IDN,Indonesia,WB_GTMI_GT2,Public Sector Delivery Index group,_T,Total,_T,All age ranges or no breakdown by age,_T,Total,NUMBER,Number,_Z,Not Applicable,_Z,Not Applicable,_Z,Not Applicable,2022,1.0,WB_GTMI,GovTech Maturity Index 2022,0,Units,NUMBER,Number (real number),602,CCYY,,A,Normal value,PU,Public
datastructure,WB.DATA360:DS_DATA360(1.2),I,A,Annual,IRN,"Iran, Islamic Rep.",WB_GTMI_GT2,Public Sector Delivery Index group,_T,Total,_T,All age ranges or no breakdown by age,_T,Total,NUMBER,Number,_Z,Not Applicable,_Z,Not Applicable,_Z,Not Applicable,2022,1.0,WB_GTMI,GovTech Maturity Index 2022,0,Units,NUMBER,Number (real number),602,CCYY,,A,Normal value,PU,Public
datastructure,WB.DATA360:DS_DATA360(1.2),I,A,Annual,IRQ,Iraq,WB_GTMI_GT2,Public Sector Delivery Index group,_T,Total,_T,All age ranges or no breakdown by age,_T,Total,NUMBER,Number,_Z,Not Applicable,_Z,Not Applicable,_Z,Not Applicable,2022,3.0,WB_GTMI,GovTech Maturity Index 2022,0,Units,NUMBER,Number (real number),602,CCYY,,A,Normal value,PU,Public
datastructure,WB.DATA360:DS_DATA360(1.2),I,A,Annual,IRL,Ireland,WB_GTMI_GT2,Public Sector Delivery Index group,_T,Total,_T,All age ranges or no breakdown by age,_T,Total,NUMBER,Number,_Z,Not Applicable,_Z,Not Applicable,_Z,Not Applicable,2022,2.0,WB_GTMI,GovTech Maturity Index 2022,0,Units,NUMBER,Number (real number),602,CCYY,,A,Normal value,PU,Public
datastructure,WB.DATA360:DS_DATA360(1.2),I,A,Annual,ISR,Israel,WB_GTMI_GT2,Public Sector Delivery Index group,_T,Total,_T,All age ranges or no breakdown by age,_T,Total,NUMBER,Number,_Z,Not Applicable,_Z,Not Applicable,_Z,Not Applicable,2022,1.0,WB_GTMI,GovTech Maturity Index 2022,0,Units,NUMBER,Number (real number),602,CCYY,,A,Normal value,PU,Public
datastructure,WB.DATA360:DS_DATA360(1.2),I,A,Annual,ITA,Italy,WB_GTMI_GT2,Public Sector Delivery Index group,_T,Total,_T,All age ranges or no breakdown by age,_T,Total,NUMBER,Number,_Z,Not Applicable,_Z,Not Applicable,_Z,Not Applicable,2022,1.0,WB_GTMI,GovTech Maturity Index 2022,0,Units,NUMBER,Number (real number),602,CCYY,,A,Normal value,PU,Public
datastructure,WB.DATA360:DS_DATA360(1.2),I,A,Annual,JAM,Jamaica,WB_GTMI_GT2,Public Sector Delivery Index group,_T,Total,_T,All age ranges or no breakdown by age,_T,Total,NUMBER,Number,_Z,Not Applicable,_Z,Not Applicable,_Z,Not Applicable,2022,1.0,WB_GTMI,GovTech Maturity Index 2022,0,Units,NUMBER,Number (real number),602,CCYY,,A,Normal value,PU,Public
datastructure,WB.DATA360:DS_DATA360(1.2),I,A,Annual,JPN,Japan,WB_GTMI_GT2,Public Sector Delivery Index group,_T,Total,_T,All age ranges or no breakdown by age,_T,Total,NUMBER,Number,_Z,Not Applicable,_Z,Not Applicable,_Z,Not Applicable,2022,1.0,WB_GTMI,GovTech Maturity Index 2022,0,Units,NUMBER,Number (real number),602,CCYY,,A,Normal value,PU,Public
datastructure,WB.DATA360:DS_DATA360(1.2),I,A,Annual,JOR,Jordan,WB_GTMI_GT2,Public Sector Delivery Index group,_T,Total,_T,All age ranges or no breakdown by age,_T,Total,NUMBER,Number,_Z,Not Applicable,_Z,Not Applicable,_Z,Not Applicable,2022,1.0,WB_GTMI,GovTech Maturity Index 2022,0,Units,NUMBER,Number (real number),602,CCYY,,A,Normal value,PU,Public
datastructure,WB.DATA360:DS_DATA360(1.2),I,A,Annual,KAZ,Kazakhstan,WB_GTMI_GT2,Public Sector Delivery Index group,_T,Total,_T,All age ranges or no breakdown by age,_T,Total,NUMBER,Number,_Z,Not Applicable,_Z,Not Applicable,_Z,Not Applicable,2022,1.0,WB_GTMI,GovTech Maturity Index 2022,0,Units,NUMBER,Number (real number),602,CCYY,,A,Normal value,PU,Public
datastructure,WB.DATA360:DS_DATA360(1.2),I,A,Annual,KEN,Kenya,WB_GTMI_GT2,Public Sector Delivery Index group,_T,Total,_T,All age ranges or no breakdown by age,_T,Total,NUMBER,Number,_Z,Not Applicable,_Z,Not Applicable,_Z,Not Applicable,2022,1.0,WB_GTMI,GovTech Maturity Index 2022,0,Units,NUMBER,Number (real number),602,CCYY,,A,Normal value,PU,Public
datastructure,WB.DATA360:DS_DATA360(1.2),I,A,Annual,KIR,Kiribati,WB_GTMI_GT2,Public Sector Delivery Index group,_T,Total,_T,All age ranges or no breakdown by age,_T,Total,NUMBER,Number,_Z,Not Applicable,_Z,Not Applicable,_Z,Not Applicable,2022,4.0,WB_GTMI,GovTech Maturity Index 2022,0,Units,NUMBER,Number (real number),602,CCYY,,A,Normal value,PU,Public
datastructure,WB.DATA360:DS_DATA360(1.2),I,A,Annual,PRK,"Korea, Dem. People's Rep.",WB_GTMI_GT2,Public Sector Delivery Index group,_T,Total,_T,All age ranges or no breakdown by age,_T,Total,NUMBER,Number,_Z,Not Applicable,_Z,Not Applicable,_Z,Not Applicable,2022,4.0,WB_GTMI,GovTech Maturity Index 2022,0,Units,NUMBER,Number (real number),602,CCYY,,A,Normal value,PU,Public
datastructure,WB.DATA360:DS_DATA360(1.2),I,A,Annual,KOR,"Korea, Rep.",WB_GTMI_GT2,Public Sector Delivery Index group,_T,Total,_T,All age ranges or no breakdown by age,_T,Total,NUMBER,Number,_Z,Not Applicable,_Z,Not Applicable,_Z,Not Applicable,2022,1.0,WB_GTMI,GovTech Maturity Index 2022,0,Units,NUMBER,Number (real number),602,CCYY,,A,Normal value,PU,Public
datastructure,WB.DATA360:DS_DATA360(1.2),I,A,Annual,XKX,Kosovo,WB_GTMI_GT2,Public Sector Delivery Index group,_T,Total,_T,All age ranges or no breakdown by age,_T,Total,NUMBER,Number,_Z,Not Applicable,_Z,Not Applicable,_Z,Not Applicable,2022,1.0,WB_GTMI,GovTech Maturity Index 2022,0,Units,NUMBER,Number (real number),602,CCYY,,A,Normal value,PU,Public
datastructure,WB.DATA360:DS_DATA360(1.2),I,A,Annual,KWT,Kuwait,WB_GTMI_GT2,Public Sector Delivery Index group,_T,Total,_T,All age ranges or no breakdown by age,_T,Total,NUMBER,Number,_Z,Not Applicable,_Z,Not Applicable,_Z,Not Applicable,2022,1.0,WB_GTMI,GovTech Maturity Index 2022,0,Units,NUMBER,Number (real number),602,CCYY,,A,Normal value,PU,Public
datastructure,WB.DATA360:DS_DATA360(1.2),I,A,Annual,KGZ,Kyrgyz Republic,WB_GTMI_GT2,Public Sector Delivery Index group,_T,Total,_T,All age ranges or no breakdown by age,_T,Total,NUMBER,Number,_Z,Not Applicable,_Z,Not Applicable,_Z,Not Applicable,2022,2.0,WB_GTMI,GovTech Maturity Index 2022,0,Units,NUMBER,Number (real number),602,CCYY,,A,Normal value,PU,Public
datastructure,WB.DATA360:DS_DATA360(1.2),I,A,Annual,LAO,Lao PDR,WB_GTMI_GT2,Public Sector Delivery Index group,_T,Total,_T,All age ranges or no breakdown by age,_T,Total,NUMBER,Number,_Z,Not Applicable,_Z,Not Applicable,_Z,Not Applicable,2022,3.0,WB_GTMI,GovTech Maturity Index 2022,0,Units,NUMBER,Number (real number),602,CCYY,,A,Normal value,PU,Public
datastructure,WB.DATA360:DS_DATA360(1.2),I,A,Annual,LVA,Latvia,WB_GTMI_GT2,Public Sector Delivery Index group,_T,Total,_T,All age ranges or no breakdown by age,_T,Total,NUMBER,Number,_Z,Not Applicable,_Z,Not Applicable,_Z,Not Applicable,2022,1.0,WB_GTMI,GovTech Maturity Index 2022,0,Units,NUMBER,Number (real number),602,CCYY,,A,Normal value,PU,Public
datastructure,WB.DATA360:DS_DATA360(1.2),I,A,Annual,LBN,Lebanon,WB_GTMI_GT2,Public Sector Delivery Index group,_T,Total,_T,All age ranges or no breakdown by age,_T,Total,NUMBER,Number,_Z,Not Applicable,_Z,Not Applicable,_Z,Not Applicable,2022,2.0,WB_GTMI,GovTech Maturity Index 2022,0,Units,NUMBER,Number (real number),602,CCYY,,A,Normal value,PU,Public
datastructure,WB.DATA360:DS_DATA360(1.2),I,A,Annual,LSO,Lesotho,WB_GTMI_GT2,Public Sector Delivery Index group,_T,Total,_T,All age ranges or no breakdown by age,_T,Total,NUMBER,Number,_Z,Not Applicable,_Z,Not Applicable,_Z,Not Applicable,2022,3.0,WB_GTMI,GovTech Maturity Index 2022,0,Units,NUMBER,Number (real number),602,CCYY,,A,Normal value,PU,Public
datastructure,WB.DATA360:DS_DATA360(1.2),I,A,Annual,LBR,Liberia,WB_GTMI_GT2,Public Sector Delivery Index group,_T,Total,_T,All age ranges or no breakdown by age,_T,Total,NUMBER,Number,_Z,Not Applicable,_Z,Not Applicable,_Z,Not Applicable,2022,4.0,WB_GTMI,GovTech Maturity Index 2022,0,Units,NUMBER,Number (real number),602,CCYY,,A,Normal value,PU,Public
datastructure,WB.DATA360:DS_DATA360(1.2),I,A,Annual,LBY,Libya,WB_GTMI_GT2,Public Sector Delivery Index group,_T,Total,_T,All age ranges or no breakdown by age,_T,Total,NUMBER,Number,_Z,Not Applicable,_Z,Not Applicable,_Z,Not Applicable,2022,4.0,WB_GTMI,GovTech Maturity Index 2022,0,Units,NUMBER,Number (real number),602,CCYY,,A,Normal value,PU,Public
datastructure,WB.DATA360:DS_DATA360(1.2),I,A,Annual,LIE,Liechtenstein,WB_GTMI_GT2,Public Sector Delivery Index group,_T,Total,_T,All age ranges or no breakdown by age,_T,Total,NUMBER,Number,_Z,Not Applicable,_Z,Not Applicable,_Z,Not Applicable,2022,3.0,WB_GTMI,GovTech Maturity Index 2022,0,Units,NUMBER,Number (real number),602,CCYY,,A,Normal value,PU,Public
datastructure,WB.DATA360:DS_DATA360(1.2),I,A,Annual,LTU,Lithuania,WB_GTMI_GT2,Public Sector Delivery Index group,_T,Total,_T,All age ranges or no breakdown by age,_T,Total,NUMBER,Number,_Z,Not Applicable,_Z,Not Applicable,_Z,Not Applicable,2022,1.0,WB_GTMI,GovTech Maturity Index 2022,0,Units,NUMBER,Number (real number),602,CCYY,,A,Normal value,PU,Public
datastructure,WB.DATA360:DS_DATA360(1.2),I,A,Annual,LUX,Luxembourg,WB_GTMI_GT2,Public Sector Delivery Index group,_T,Total,_T,All age ranges or no breakdown by age,_T,Total,NUMBER,Number,_Z,Not Applicable,_Z,Not Applicable,_Z,Not Applicable,2022,1.0,WB_GTMI,GovTech Maturity Index 2022,0,Units,NUMBER,Number (real number),602,CCYY,,A,Normal value,PU,Public
datastructure,WB.DATA360:DS_DATA360(1.2),I,A,Annual,MAC,"Macao SAR, China",WB_GTMI_GT2,Public Sector Delivery Index group,_T,Total,_T,All age ranges or no breakdown by age,_T,Total,NUMBER,Number,_Z,Not Applicable,_Z,Not Applicable,_Z,Not Applicable,2022,2.0,WB_GTMI,GovTech Maturity Index 2022,0,Units,NUMBER,Number (real number),602,CCYY,,A,Normal value,PU,Public
datastructure,WB.DATA360:DS_DATA360(1.2),I,A,Annual,MDG,Madagascar,WB_GTMI_GT2,Public Sector Delivery Index group,_T,Total,_T,All age ranges or no breakdown by age,_T,Total,NUMBER,Number,_Z,Not Applicable,_Z,Not Applicable,_Z,Not Applicable,2022,3.0,WB_GTMI,GovTech Maturity Index 2022,0,Units,NUMBER,Number (real number),602,CCYY,,A,Normal value,PU,Public
datastructure,WB.DATA360:DS_DATA360(1.2),I,A,Annual,MWI,Malawi,WB_GTMI_GT2,Public Sector Delivery Index group,_T,Total,_T,All age ranges or no breakdown by age,_T,Total,NUMBER,Number,_Z,Not Applicable,_Z,Not Applicable,_Z,Not Applicable,2022,3.0,WB_GTMI,GovTech Maturity Index 2022,0,Units,NUMBER,Number (real number),602,CCYY,,A,Normal value,PU,Public
datastructure,WB.DATA360:DS_DATA360(1.2),I,A,Annual,MYS,Malaysia,WB_GTMI_GT2,Public Sector Delivery Index group,_T,Total,_T,All age ranges or no breakdown by age,_T,Total,NUMBER,Number,_Z,Not Applicable,_Z,Not Applicable,_Z,Not Applicable,2022,1.0,WB_GTMI,GovTech Maturity Index 2022,0,Units,NUMBER,Number (real number),602,CCYY,,A,Normal value,PU,Public
datastructure,WB.DATA360:DS_DATA360(1.2),I,A,Annual,MDV,Maldives,WB_GTMI_GT2,Public Sector Delivery Index group,_T,Total,_T,All age ranges or no breakdown by age,_T,Total,NUMBER,Number,_Z,Not Applicable,_Z,Not Applicable,_Z,Not Applicable,2022,2.0,WB_GTMI,GovTech Maturity Index 2022,0,Units,NUMBER,Number (real number),602,CCYY,,A,Normal value,PU,Public
datastructure,WB.DATA360:DS_DATA360(1.2),I,A,Annual,MLI,Mali,WB_GTMI_GT2,Public Sector Delivery Index group,_T,Total,_T,All age ranges or no breakdown by age,_T,Total,NUMBER,Number,_Z,Not Applicable,_Z,Not Applicable,_Z,Not Applicable,2022,2.0,WB_GTMI,GovTech Maturity Index 2022,0,Units,NUMBER,Number (real number),602,CCYY,,A,Normal value,PU,Public
datastructure,WB.DATA360:DS_DATA360(1.2),I,A,Annual,MLT,Malta,WB_GTMI_GT2,Public Sector Delivery Index group,_T,Total,_T,All age ranges or no breakdown by age,_T,Total,NUMBER,Number,_Z,Not Applicable,_Z,Not Applicable,_Z,Not Applicable,2022,1.0,WB_GTMI,GovTech Maturity Index 2022,0,Units,NUMBER,Number (real number),602,CCYY,,A,Normal value,PU,Public
datastructure,WB.DATA360:DS_DATA360(1.2),I,A,Annual,MHL,Marshall Islands,WB_GTMI_GT2,Public Sector Delivery Index group,_T,Total,_T,All age ranges or no breakdown by age,_T,Total,NUMBER,Number,_Z,Not Applicable,_Z,Not Applicable,_Z,Not Applicable,2022,4.0,WB_GTMI,GovTech Maturity Index 2022,0,Units,NUMBER,Number (real number),602,CCYY,,A,Normal value,PU,Public
datastructure,WB.DATA360:DS_DATA360(1.2),I,A,Annual,MRT,Mauritania,WB_GTMI_GT2,Public Sector Delivery Index group,_T,Total,_T,All age ranges or no breakdown by age,_T,Total,NUMBER,Number,_Z,Not Applicable,_Z,Not Applicable,_Z,Not Applicable,2022,4.0,WB_GTMI,GovTech Maturity Index 2022,0,Units,NUMBER,Number (real number),602,CCYY,,A,Normal value,PU,Public
datastructure,WB.DATA360:DS_DATA360(1.2),I,A,Annual,MUS,Mauritius,WB_GTMI_GT2,Public Sector Delivery Index group,_T,Total,_T,All age ranges or no breakdown by age,_T,Total,NUMBER,Number,_Z,Not Applicable,_Z,Not Applicable,_Z,Not Applicable,2022,1.0,WB_GTMI,GovTech Maturity Index 2022,0,Units,NUMBER,Number (real number),602,CCYY,,A,Normal value,PU,Public
datastructure,WB.DATA360:DS_DATA360(1.2),I,A,Annual,MEX,Mexico,WB_GTMI_GT2,Public Sector Delivery Index group,_T,Total,_T,All age ranges or no breakdown by age,_T,Total,NUMBER,Number,_Z,Not Applicable,_Z,Not Applicable,_Z,Not Applicable,2022,1.0,WB_GTMI,GovTech Maturity Index 2022,0,Units,NUMBER,Number (real number),602,CCYY,,A,Normal value,PU,Public
datastructure,WB.DATA360:DS_DATA360(1.2),I,A,Annual,FSM,"Micronesia, Fed. Sts.",WB_GTMI_GT2,Public Sector Delivery Index group,_T,Total,_T,All age ranges or no breakdown by age,_T,Total,NUMBER,Number,_Z,Not Applicable,_Z,Not Applicable,_Z,Not Applicable,2022,4.0,WB_GTMI,GovTech Maturity Index 2022,0,Units,NUMBER,Number (real number),602,CCYY,,A,Normal value,PU,Public
datastructure,WB.DATA360:DS_DATA360(1.2),I,A,Annual,MDA,Moldova,WB_GTMI_GT2,Public Sector Delivery Index group,_T,Total,_T,All age ranges or no breakdown by age,_T,Total,NUMBER,Number,_Z,Not Applicable,_Z,Not Applicable,_Z,Not Applicable,2022,1.0,WB_GTMI,GovTech Maturity Index 2022,0,Units,NUMBER,Number (real number),602,CCYY,,A,Normal value,PU,Public
datastructure,WB.DATA360:DS_DATA360(1.2),I,A,Annual,MCO,Monaco,WB_GTMI_GT2,Public Sector Delivery Index group,_T,Total,_T,All age ranges or no breakdown by age,_T,Total,NUMBER,Number,_Z,Not Applicable,_Z,Not Applicable,_Z,Not Applicable,2022,3.0,WB_GTMI,GovTech Maturity Index 2022,0,Units,NUMBER,Number (real number),602,CCYY,,A,Normal value,PU,Public
datastructure,WB.DATA360:DS_DATA360(1.2),I,A,Annual,MNG,Mongolia,WB_GTMI_GT2,Public Sector Delivery Index group,_T,Total,_T,All age ranges or no breakdown by age,_T,Total,NUMBER,Number,_Z,Not Applicable,_Z,Not Applicable,_Z,Not Applicable,2022,1.0,WB_GTMI,GovTech Maturity Index 2022,0,Units,NUMBER,Number (real number),602,CCYY,,A,Normal value,PU,Public
datastructure,WB.DATA360:DS_DATA360(1.2),I,A,Annual,MNE,Montenegro,WB_GTMI_GT2,Public Sector Delivery Index group,_T,Total,_T,All age ranges or no breakdown by age,_T,Total,NUMBER,Number,_Z,Not Applicable,_Z,Not Applicable,_Z,Not Applicable,2022,2.0,WB_GTMI,GovTech Maturity Index 2022,0,Units,NUMBER,Number (real number),602,CCYY,,A,Normal value,PU,Public
datastructure,WB.DATA360:DS_DATA360(1.2),I,A,Annual,MAR,Morocco,WB_GTMI_GT2,Public Sector Delivery Index group,_T,Total,_T,All age ranges or no breakdown by age,_T,Total,NUMBER,Number,_Z,Not Applicable,_Z,Not Applicable,_Z,Not Applicable,2022,2.0,WB_GTMI,GovTech Maturity Index 2022,0,Units,NUMBER,Number (real number),602,CCYY,,A,Normal value,PU,Public
datastructure,WB.DATA360:DS_DATA360(1.2),I,A,Annual,MOZ,Mozambique,WB_GTMI_GT2,Public Sector Delivery Index group,_T,Total,_T,All age ranges or no breakdown by age,_T,Total,NUMBER,Number,_Z,Not Applicable,_Z,Not Applicable,_Z,Not Applicable,2022,3.0,WB_GTMI,GovTech Maturity Index 2022,0,Units,NUMBER,Number (real number),602,CCYY,,A,Normal value,PU,Public
datastructure,WB.DATA360:DS_DATA360(1.2),I,A,Annual,MMR,Myanmar,WB_GTMI_GT2,Public Sector Delivery Index group,_T,Total,_T,All age ranges or no breakdown by age,_T,Total,NUMBER,Number,_Z,Not Applicable,_Z,Not Applicable,_Z,Not Applicable,2022,3.0,WB_GTMI,GovTech Maturity Index 2022,0,Units,NUMBER,Number (real number),602,CCYY,,A,Normal value,PU,Public
datastructure,WB.DATA360:DS_DATA360(1.2),I,A,Annual,NAM,Namibia,WB_GTMI_GT2,Public Sector Delivery Index group,_T,Total,_T,All age ranges or no breakdown by age,_T,Total,NUMBER,Number,_Z,Not Applicable,_Z,Not Applicable,_Z,Not Applicable,2022,2.0,WB_GTMI,GovTech Maturity Index 2022,0,Units,NUMBER,Number (real number),602,CCYY,,A,Normal value,PU,Public
datastructure,WB.DATA360:DS_DATA360(1.2),I,A,Annual,NRU,Nauru,WB_GTMI_GT2,Public Sector Delivery Index group,_T,Total,_T,All age ranges or no breakdown by age,_T,Total,NUMBER,Number,_Z,Not Applicable,_Z,Not Applicable,_Z,Not Applicable,2022,4.0,WB_GTMI,GovTech Maturity Index 2022,0,Units,NUMBER,Number (real number),602,CCYY,,A,Normal value,PU,Public
datastructure,WB.DATA360:DS_DATA360(1.2),I,A,Annual,NPL,Nepal,WB_GTMI_GT2,Public Sector Delivery Index group,_T,Total,_T,All age ranges or no breakdown by age,_T,Total,NUMBER,Number,_Z,Not Applicable,_Z,Not Applicable,_Z,Not Applicable,2022,2.0,WB_GTMI,GovTech Maturity Index 2022,0,Units,NUMBER,Number (real number),602,CCYY,,A,Normal value,PU,Public
datastructure,WB.DATA360:DS_DATA360(1.2),I,A,Annual,NLD,Netherlands,WB_GTMI_GT2,Public Sector Delivery Index group,_T,Total,_T,All age ranges or no breakdown by age,_T,Total,NUMBER,Number,_Z,Not Applicable,_Z,Not Applicable,_Z,Not Applicable,2022,1.0,WB_GTMI,GovTech Maturity Index 2022,0,Units,NUMBER,Number (real number),602,CCYY,,A,Normal value,PU,Public
datastructure,WB.DATA360:DS_DATA360(1.2),I,A,Annual,NZL,New Zealand,WB_GTMI_GT2,Public Sector Delivery Index group,_T,Total,_T,All age ranges or no breakdown by age,_T,Total,NUMBER,Number,_Z,Not Applicable,_Z,Not Applicable,_Z,Not Applicable,2022,1.0,WB_GTMI,GovTech Maturity Index 2022,0,Units,NUMBER,Number (real number),602,CCYY,,A,Normal value,PU,Public
datastructure,WB.DATA360:DS_DATA360(1.2),I,A,Annual,NIC,Nicaragua,WB_GTMI_GT2,Public Sector Delivery Index group,_T,Total,_T,All age ranges or no breakdown by age,_T,Total,NUMBER,Number,_Z,Not Applicable,_Z,Not Applicable,_Z,Not Applicable,2022,2.0,WB_GTMI,GovTech Maturity Index 2022,0,Units,NUMBER,Number (real number),602,CCYY,,A,Normal value,PU,Public
datastructure,WB.DATA360:DS_DATA360(1.2),I,A,Annual,NER,Niger,WB_GTMI_GT2,Public Sector Delivery Index group,_T,Total,_T,All age ranges or no breakdown by age,_T,Total,NUMBER,Number,_Z,Not Applicable,_Z,Not Applicable,_Z,Not Applicable,2022,4.0,WB_GTMI,GovTech Maturity Index 2022,0,Units,NUMBER,Number (real number),602,CCYY,,A,Normal value,PU,Public
datastructure,WB.DATA360:DS_DATA360(1.2),I,A,Annual,NGA,Nigeria,WB_GTMI_GT2,Public Sector Delivery Index group,_T,Total,_T,All age ranges or no breakdown by age,_T,Total,NUMBER,Number,_Z,Not Applicable,_Z,Not Applicable,_Z,Not Applicable,2022,2.0,WB_GTMI,GovTech Maturity Index 2022,0,Units,NUMBER,Number (real number),602,CCYY,,A,Normal value,PU,Public
datastructure,WB.DATA360:DS_DATA360(1.2),I,A,Annual,MKD,North Macedonia,WB_GTMI_GT2,Public Sector Delivery Index group,_T,Total,_T,All age ranges or no breakdown by age,_T,Total,NUMBER,Number,_Z,Not Applicable,_Z,Not Applicable,_Z,Not Applicable,2022,1.0,WB_GTMI,GovTech Maturity Index 2022,0,Units,NUMBER,Number (real number),602,CCYY,,A,Normal value,PU,Public
datastructure,WB.DATA360:DS_DATA360(1.2),I,A,Annual,NOR,Norway,WB_GTMI_GT2,Public Sector Delivery Index group,_T,Total,_T,All age ranges or no breakdown by age,_T,Total,NUMBER,Number,_Z,Not Applicable,_Z,Not Applicable,_Z,Not Applicable,2022,1.0,WB_GTMI,GovTech Maturity Index 2022,0,Units,NUMBER,Number (real number),602,CCYY,,A,Normal value,PU,Public
datastructure,WB.DATA360:DS_DATA360(1.2),I,A,Annual,OMN,Oman,WB_GTMI_GT2,Public Sector Delivery Index group,_T,Total,_T,All age ranges or no breakdown by age,_T,Total,NUMBER,Number,_Z,Not Applicable,_Z,Not Applicable,_Z,Not Applicable,2022,1.0,WB_GTMI,GovTech Maturity Index 2022,0,Units,NUMBER,Number (real number),602,CCYY,,A,Normal value,PU,Public
datastructure,WB.DATA360:DS_DATA360(1.2),I,A,Annual,PAK,Pakistan,WB_GTMI_GT2,Public Sector Delivery Index group,_T,Total,_T,All age ranges or no breakdown by age,_T,Total,NUMBER,Number,_Z,Not Applicable,_Z,Not Applicable,_Z,Not Applicable,2022,1.0,WB_GTMI,GovTech Maturity Index 2022,0,Units,NUMBER,Number (real number),602,CCYY,,A,Normal value,PU,Public
datastructure,WB.DATA360:DS_DATA360(1.2),I,A,Annual,PLW,Palau,WB_GTMI_GT2,Public Sector Delivery Index group,_T,Total,_T,All age ranges or no breakdown by age,_T,Total,NUMBER,Number,_Z,Not Applicable,_Z,Not Applicable,_Z,Not Applicable,2022,4.0,WB_GTMI,GovTech Maturity Index 2022,0,Units,NUMBER,Number (real number),602,CCYY,,A,Normal value,PU,Public
datastructure,WB.DATA360:DS_DATA360(1.2),I,A,Annual,PAN,Panama,WB_GTMI_GT2,Public Sector Delivery Index group,_T,Total,_T,All age ranges or no breakdown by age,_T,Total,NUMBER,Number,_Z,Not Applicable,_Z,Not Applicable,_Z,Not Applicable,2022,1.0,WB_GTMI,GovTech Maturity Index 2022,0,Units,NUMBER,Number (real number),602,CCYY,,A,Normal value,PU,Public
datastructure,WB.DATA360:DS_DATA360(1.2),I,A,Annual,PNG,Papua New Guinea,WB_GTMI_GT2,Public Sector Delivery Index group,_T,Total,_T,All age ranges or no breakdown by age,_T,Total,NUMBER,Number,_Z,Not Applicable,_Z,Not Applicable,_Z,Not Applicable,2022,2.0,WB_GTMI,GovTech Maturity Index 2022,0,Units,NUMBER,Number (real number),602,CCYY,,A,Normal value,PU,Public
datastructure,WB.DATA360:DS_DATA360(1.2),I,A,Annual,PRY,Paraguay,WB_GTMI_GT2,Public Sector Delivery Index group,_T,Total,_T,All age ranges or no breakdown by age,_T,Total,NUMBER,Number,_Z,Not Applicable,_Z,Not Applicable,_Z,Not Applicable,2022,1.0,WB_GTMI,GovTech Maturity Index 2022,0,Units,NUMBER,Number (real number),602,CCYY,,A,Normal value,PU,Public
datastructure,WB.DATA360:DS_DATA360(1.2),I,A,Annual,PER,Peru,WB_GTMI_GT2,Public Sector Delivery Index group,_T,Total,_T,All age ranges or no breakdown by age,_T,Total,NUMBER,Number,_Z,Not Applicable,_Z,Not Applicable,_Z,Not Applicable,2022,1.0,WB_GTMI,GovTech Maturity Index 2022,0,Units,NUMBER,Number (real number),602,CCYY,,A,Normal value,PU,Public
datastructure,WB.DATA360:DS_DATA360(1.2),I,A,Annual,PHL,Philippines,WB_GTMI_GT2,Public Sector Delivery Index group,_T,Total,_T,All age ranges or no breakdown by age,_T,Total,NUMBER,Number,_Z,Not Applicable,_Z,Not Applicable,_Z,Not Applicable,2022,1.0,WB_GTMI,GovTech Maturity Index 2022,0,Units,NUMBER,Number (real number),602,CCYY,,A,Normal value,PU,Public
datastructure,WB.DATA360:DS_DATA360(1.2),I,A,Annual,POL,Poland,WB_GTMI_GT2,Public Sector Delivery Index group,_T,Total,_T,All age ranges or no breakdown by age,_T,Total,NUMBER,Number,_Z,Not Applicable,_Z,Not Applicable,_Z,Not Applicable,2022,1.0,WB_GTMI,GovTech Maturity Index 2022,0,Units,NUMBER,Number (real number),602,CCYY,,A,Normal value,PU,Public
datastructure,WB.DATA360:DS_DATA360(1.2),I,A,Annual,PRT,Portugal,WB_GTMI_GT2,Public Sector Delivery Index group,_T,Total,_T,All age ranges or no breakdown by age,_T,Total,NUMBER,Number,_Z,Not Applicable,_Z,Not Applicable,_Z,Not Applicable,2022,1.0,WB_GTMI,GovTech Maturity Index 2022,0,Units,NUMBER,Number (real number),602,CCYY,,A,Normal value,PU,Public
datastructure,WB.DATA360:DS_DATA360(1.2),I,A,Annual,QAT,Qatar,WB_GTMI_GT2,Public Sector Delivery Index group,_T,Total,_T,All age ranges or no breakdown by age,_T,Total,NUMBER,Number,_Z,Not Applicable,_Z,Not Applicable,_Z,Not Applicable,2022,1.0,WB_GTMI,GovTech Maturity Index 2022,0,Units,NUMBER,Number (real number),602,CCYY,,A,Normal value,PU,Public
datastructure,WB.DATA360:DS_DATA360(1.2),I,A,Annual,ROU,Romania,WB_GTMI_GT2,Public Sector Delivery Index group,_T,Total,_T,All age ranges or no breakdown by age,_T,Total,NUMBER,Number,_Z,Not Applicable,_Z,Not Applicable,_Z,Not Applicable,2022,2.0,WB_GTMI,GovTech Maturity Index 2022,0,Units,NUMBER,Number (real number),602,CCYY,,A,Normal value,PU,Public
datastructure,WB.DATA360:DS_DATA360(1.2),I,A,Annual,RUS,Russian Federation,WB_GTMI_GT2,Public Sector Delivery Index group,_T,Total,_T,All age ranges or no breakdown by age,_T,Total,NUMBER,Number,_Z,Not Applicable,_Z,Not Applicable,_Z,Not Applicable,2022,1.0,WB_GTMI,GovTech Maturity Index 2022,0,Units,NUMBER,Number (real number),602,CCYY,,A,Normal value,PU,Public
datastructure,WB.DATA360:DS_DATA360(1.2),I,A,Annual,RWA,Rwanda,WB_GTMI_GT2,Public Sector Delivery Index group,_T,Total,_T,All age ranges or no breakdown by age,_T,Total,NUMBER,Number,_Z,Not Applicable,_Z,Not Applicable,_Z,Not Applicable,2022,1.0,WB_GTMI,GovTech Maturity Index 2022,0,Units,NUMBER,Number (real number),602,CCYY,,A,Normal value,PU,Public
datastructure,WB.DATA360:DS_DATA360(1.2),I,A,Annual,WSM,Samoa,WB_GTMI_GT2,Public Sector Delivery Index group,_T,Total,_T,All age ranges or no breakdown by age,_T,Total,NUMBER,Number,_Z,Not Applicable,_Z,Not Applicable,_Z,Not Applicable,2022,3.0,WB_GTMI,GovTech Maturity Index 2022,0,Units,NUMBER,Number (real number),602,CCYY,,A,Normal value,PU,Public
datastructure,WB.DATA360:DS_DATA360(1.2),I,A,Annual,SMR,San Marino,WB_GTMI_GT2,Public Sector Delivery Index group,_T,Total,_T,All age ranges or no breakdown by age,_T,Total,NUMBER,Number,_Z,Not Applicable,_Z,Not Applicable,_Z,Not Applicable,2022,2.0,WB_GTMI,GovTech Maturity Index 2022,0,Units,NUMBER,Number (real number),602,CCYY,,A,Normal value,PU,Public
datastructure,WB.DATA360:DS_DATA360(1.2),I,A,Annual,STP,Sao Tome and Principe,WB_GTMI_GT2,Public Sector Delivery Index group,_T,Total,_T,All age ranges or no breakdown by age,_T,Total,NUMBER,Number,_Z,Not Applicable,_Z,Not Applicable,_Z,Not Applicable,2022,3.0,WB_GTMI,GovTech Maturity Index 2022,0,Units,NUMBER,Number (real number),602,CCYY,,A,Normal value,PU,Public
datastructure,WB.DATA360:DS_DATA360(1.2),I,A,Annual,SAU,Saudi Arabia,WB_GTMI_GT2,Public Sector Delivery Index group,_T,Total,_T,All age ranges or no breakdown by age,_T,Total,NUMBER,Number,_Z,Not Applicable,_Z,Not Applicable,_Z,Not Applicable,2022,1.0,WB_GTMI,GovTech Maturity Index 2022,0,Units,NUMBER,Number (real number),602,CCYY,,A,Normal value,PU,Public
datastructure,WB.DATA360:DS_DATA360(1.2),I,A,Annual,SEN,Senegal,WB_GTMI_GT2,Public Sector Delivery Index group,_T,Total,_T,All age ranges or no breakdown by age,_T,Total,NUMBER,Number,_Z,Not Applicable,_Z,Not Applicable,_Z,Not Applicable,2022,3.0,WB_GTMI,GovTech Maturity Index 2022,0,Units,NUMBER,Number (real number),602,CCYY,,A,Normal value,PU,Public
datastructure,WB.DATA360:DS_DATA360(1.2),I,A,Annual,SRB,Serbia,WB_GTMI_GT2,Public Sector Delivery Index group,_T,Total,_T,All age ranges or no breakdown by age,_T,Total,NUMBER,Number,_Z,Not Applicable,_Z,Not Applicable,_Z,Not Applicable,2022,1.0,WB_GTMI,GovTech Maturity Index 2022,0,Units,NUMBER,Number (real number),602,CCYY,,A,Normal value,PU,Public
datastructure,WB.DATA360:DS_DATA360(1.2),I,A,Annual,SYC,Seychelles,WB_GTMI_GT2,Public Sector Delivery Index group,_T,Total,_T,All age ranges or no breakdown by age,_T,Total,NUMBER,Number,_Z,Not Applicable,_Z,Not Applicable,_Z,Not Applicable,2022,2.0,WB_GTMI,GovTech Maturity Index 2022,0,Units,NUMBER,Number (real number),602,CCYY,,A,Normal value,PU,Public
datastructure,WB.DATA360:DS_DATA360(1.2),I,A,Annual,SLE,Sierra Leone,WB_GTMI_GT2,Public Sector Delivery Index group,_T,Total,_T,All age ranges or no breakdown by age,_T,Total,NUMBER,Number,_Z,Not Applicable,_Z,Not Applicable,_Z,Not Applicable,2022,3.0,WB_GTMI,GovTech Maturity Index 2022,0,Units,NUMBER,Number (real number),602,CCYY,,A,Normal value,PU,Public
datastructure,WB.DATA360:DS_DATA360(1.2),I,A,Annual,SGP,Singapore,WB_GTMI_GT2,Public Sector Delivery Index group,_T,Total,_T,All age ranges or no breakdown by age,_T,Total,NUMBER,Number,_Z,Not Applicable,_Z,Not Applicable,_Z,Not Applicable,2022,1.0,WB_GTMI,GovTech Maturity Index 2022,0,Units,NUMBER,Number (real number),602,CCYY,,A,Normal value,PU,Public
datastructure,WB.DATA360:DS_DATA360(1.2),I,A,Annual,SVK,Slovak Republic,WB_GTMI_GT2,Public Sector Delivery Index group,_T,Total,_T,All age ranges or no breakdown by age,_T,Total,NUMBER,Number,_Z,Not Applicable,_Z,Not Applicable,_Z,Not Applicable,2022,1.0,WB_GTMI,GovTech Maturity Index 2022,0,Units,NUMBER,Number (real number),602,CCYY,,A,Normal value,PU,Public
datastructure,WB.DATA360:DS_DATA360(1.2),I,A,Annual,SVN,Slovenia,WB_GTMI_GT2,Public Sector Delivery Index group,_T,Total,_T,All age ranges or no breakdown by age,_T,Total,NUMBER,Number,_Z,Not Applicable,_Z,Not Applicable,_Z,Not Applicable,2022,1.0,WB_GTMI,GovTech Maturity Index 2022,0,Units,NUMBER,Number (real number),602,CCYY,,A,Normal value,PU,Public
datastructure,WB.DATA360:DS_DATA360(1.2),I,A,Annual,SLB,Solomon Islands,WB_GTMI_GT2,Public Sector Delivery Index group,_T,Total,_T,All age ranges or no breakdown by age,_T,Total,NUMBER,Number,_Z,Not Applicable,_Z,Not Applicable,_Z,Not Applicable,2022,2.0,WB_GTMI,GovTech Maturity Index 2022,0,Units,NUMBER,Number (real number),602,CCYY,,A,Normal value,PU,Public
datastructure,WB.DATA360:DS_DATA360(1.2),I,A,Annual,SOM,Somalia,WB_GTMI_GT2,Public Sector Delivery Index group,_T,Total,_T,All age ranges or no breakdown by age,_T,Total,NUMBER,Number,_Z,Not Applicable,_Z,Not Applicable,_Z,Not Applicable,2022,4.0,WB_GTMI,GovTech Maturity Index 2022,0,Units,NUMBER,Number (real number),602,CCYY,,A,Normal value,PU,Public
datastructure,WB.DATA360:DS_DATA360(1.2),I,A,Annual,ZAF,South Africa,WB_GTMI_GT2,Public Sector Delivery Index group,_T,Total,_T,All age ranges or no breakdown by age,_T,Total,NUMBER,Number,_Z,Not Applicable,_Z,Not Applicable,_Z,Not Applicable,2022,2.0,WB_GTMI,GovTech Maturity Index 2022,0,Units,NUMBER,Number (real number),602,CCYY,,A,Normal value,PU,Public
datastructure,WB.DATA360:DS_DATA360(1.2),I,A,Annual,SSD,South Sudan,WB_GTMI_GT2,Public Sector Delivery Index group,_T,Total,_T,All age ranges or no breakdown by age,_T,Total,NUMBER,Number,_Z,Not Applicable,_Z,Not Applicable,_Z,Not Applicable,2022,4.0,WB_GTMI,GovTech Maturity Index 2022,0,Units,NUMBER,Number (real number),602,CCYY,,A,Normal value,PU,Public
datastructure,WB.DATA360:DS_DATA360(1.2),I,A,Annual,ESP,Spain,WB_GTMI_GT2,Public Sector Delivery Index group,_T,Total,_T,All age ranges or no breakdown by age,_T,Total,NUMBER,Number,_Z,Not Applicable,_Z,Not Applicable,_Z,Not Applicable,2022,1.0,WB_GTMI,GovTech Maturity Index 2022,0,Units,NUMBER,Number (real number),602,CCYY,,A,Normal value,PU,Public
datastructure,WB.DATA360:DS_DATA360(1.2),I,A,Annual,LKA,Sri Lanka,WB_GTMI_GT2,Public Sector Delivery Index group,_T,Total,_T,All age ranges or no breakdown by age,_T,Total,NUMBER,Number,_Z,Not Applicable,_Z,Not Applicable,_Z,Not Applicable,2022,1.0,WB_GTMI,GovTech Maturity Index 2022,0,Units,NUMBER,Number (real number),602,CCYY,,A,Normal value,PU,Public
datastructure,WB.DATA360:DS_DATA360(1.2),I,A,Annual,KNA,St. Kitts and Nevis,WB_GTMI_GT2,Public Sector Delivery Index group,_T,Total,_T,All age ranges or no breakdown by age,_T,Total,NUMBER,Number,_Z,Not Applicable,_Z,Not Applicable,_Z,Not Applicable,2022,3.0,WB_GTMI,GovTech Maturity Index 2022,0,Units,NUMBER,Number (real number),602,CCYY,,A,Normal value,PU,Public
datastructure,WB.DATA360:DS_DATA360(1.2),I,A,Annual,LCA,St. Lucia,WB_GTMI_GT2,Public Sector Delivery Index group,_T,Total,_T,All age ranges or no breakdown by age,_T,Total,NUMBER,Number,_Z,Not Applicable,_Z,Not Applicable,_Z,Not Applicable,2022,2.0,WB_GTMI,GovTech Maturity Index 2022,0,Units,NUMBER,Number (real number),602,CCYY,,A,Normal value,PU,Public
datastructure,WB.DATA360:DS_DATA360(1.2),I,A,Annual,VCT,St. Vincent and the Grenadines,WB_GTMI_GT2,Public Sector Delivery Index group,_T,Total,_T,All age ranges or no breakdown by age,_T,Total,NUMBER,Number,_Z,Not Applicable,_Z,Not Applicable,_Z,Not Applicable,2022,2.0,WB_GTMI,GovTech Maturity Index 2022,0,Units,NUMBER,Number (real number),602,CCYY,,A,Normal value,PU,Public
datastructure,WB.DATA360:DS_DATA360(1.2),I,A,Annual,SDN,Sudan,WB_GTMI_GT2,Public Sector Delivery Index group,_T,Total,_T,All age ranges or no breakdown by age,_T,Total,NUMBER,Number,_Z,Not Applicable,_Z,Not Applicable,_Z,Not Applicable,2022,4.0,WB_GTMI,GovTech Maturity Index 2022,0,Units,NUMBER,Number (real number),602,CCYY,,A,Normal value,PU,Public
datastructure,WB.DATA360:DS_DATA360(1.2),I,A,Annual,SUR,Suriname,WB_GTMI_GT2,Public Sector Delivery Index group,_T,Total,_T,All age ranges or no breakdown by age,_T,Total,NUMBER,Number,_Z,Not Applicable,_Z,Not Applicable,_Z,Not Applicable,2022,4.0,WB_GTMI,GovTech Maturity Index 2022,0,Units,NUMBER,Number (real number),602,CCYY,,A,Normal value,PU,Public
datastructure,WB.DATA360:DS_DATA360(1.2),I,A,Annual,SWE,Sweden,WB_GTMI_GT2,Public Sector Delivery Index group,_T,Total,_T,All age ranges or no breakdown by age,_T,Total,NUMBER,Number,_Z,Not Applicable,_Z,Not Applicable,_Z,Not Applicable,2022,1.0,WB_GTMI,GovTech Maturity Index 2022,0,Units,NUMBER,Number (real number),602,CCYY,,A,Normal value,PU,Public
datastructure,WB.DATA360:DS_DATA360(1.2),I,A,Annual,CHE,Switzerland,WB_GTMI_GT2,Public Sector Delivery Index group,_T,Total,_T,All age ranges or no breakdown by age,_T,Total,NUMBER,Number,_Z,Not Applicable,_Z,Not Applicable,_Z,Not Applicable,2022,1.0,WB_GTMI,GovTech Maturity Index 2022,0,Units,NUMBER,Number (real number),602,CCYY,,A,Normal value,PU,Public
datastructure,WB.DATA360:DS_DATA360(1.2),I,A,Annual,SYR,Syrian Arab Republic,WB_GTMI_GT2,Public Sector Delivery Index group,_T,Total,_T,All age ranges or no breakdown by age,_T,Total,NUMBER,Number,_Z,Not Applicable,_Z,Not Applicable,_Z,Not Applicable,2022,3.0,WB_GTMI,GovTech Maturity Index 2022,0,Units,NUMBER,Number (real number),602,CCYY,,A,Normal value,PU,Public
datastructure,WB.DATA360:DS_DATA360(1.2),I,A,Annual,TWN,"Taiwan, China",WB_GTMI_GT2,Public Sector Delivery Index group,_T,Total,_T,All age ranges or no breakdown by age,_T,Total,NUMBER,Number,_Z,Not Applicable,_Z,Not Applicable,_Z,Not Applicable,2022,2.0,WB_GTMI,GovTech Maturity Index 2022,0,Units,NUMBER,Number (real number),602,CCYY,,A,Normal value,PU,Public
datastructure,WB.DATA360:DS_DATA360(1.2),I,A,Annual,TJK,Tajikistan,WB_GTMI_GT2,Public Sector Delivery Index group,_T,Total,_T,All age ranges or no breakdown by age,_T,Total,NUMBER,Number,_Z,Not Applicable,_Z,Not Applicable,_Z,Not Applicable,2022,2.0,WB_GTMI,GovTech Maturity Index 2022,0,Units,NUMBER,Number (real number),602,CCYY,,A,Normal value,PU,Public
datastructure,WB.DATA360:DS_DATA360(1.2),I,A,Annual,TZA,Tanzania,WB_GTMI_GT2,Public Sector Delivery Index group,_T,Total,_T,All age ranges or no breakdown by age,_T,Total,NUMBER,Number,_Z,Not Applicable,_Z,Not Applicable,_Z,Not Applicable,2022,1.0,WB_GTMI,GovTech Maturity Index 2022,0,Units,NUMBER,Number (real number),602,CCYY,,A,Normal value,PU,Public
datastructure,WB.DATA360:DS_DATA360(1.2),I,A,Annual,THA,Thailand,WB_GTMI_GT2,Public Sector Delivery Index group,_T,Total,_T,All age ranges or no breakdown by age,_T,Total,NUMBER,Number,_Z,Not Applicable,_Z,Not Applicable,_Z,Not Applicable,2022,1.0,WB_GTMI,GovTech Maturity Index 2022,0,Units,NUMBER,Number (real number),602,CCYY,,A,Normal value,PU,Public
datastructure,WB.DATA360:DS_DATA360(1.2),I,A,Annual,TLS,Timor-Leste,WB_GTMI_GT2,Public Sector Delivery Index group,_T,Total,_T,All age ranges or no breakdown by age,_T,Total,NUMBER,Number,_Z,Not Applicable,_Z,Not Applicable,_Z,Not Applicable,2022,3.0,WB_GTMI,GovTech Maturity Index 2022,0,Units,NUMBER,Number (real number),602,CCYY,,A,Normal value,PU,Public
datastructure,WB.DATA360:DS_DATA360(1.2),I,A,Annual,TGO,Togo,WB_GTMI_GT2,Public Sector Delivery Index group,_T,Total,_T,All age ranges or no breakdown by age,_T,Total,NUMBER,Number,_Z,Not Applicable,_Z,Not Applicable,_Z,Not Applicable,2022,1.0,WB_GTMI,GovTech Maturity Index 2022,0,Units,NUMBER,Number (real number),602,CCYY,,A,Normal value,PU,Public
datastructure,WB.DATA360:DS_DATA360(1.2),I,A,Annual,TON,Tonga,WB_GTMI_GT2,Public Sector Delivery Index group,_T,Total,_T,All age ranges or no breakdown by age,_T,Total,NUMBER,Number,_Z,Not Applicable,_Z,Not Applicable,_Z,Not Applicable,2022,2.0,WB_GTMI,GovTech Maturity Index 2022,0,Units,NUMBER,Number (real number),602,CCYY,,A,Normal value,PU,Public
datastructure,WB.DATA360:DS_DATA360(1.2),I,A,Annual,TTO,Trinidad and Tobago,WB_GTMI_GT2,Public Sector Delivery Index group,_T,Total,_T,All age ranges or no breakdown by age,_T,Total,NUMBER,Number,_Z,Not Applicable,_Z,Not Applicable,_Z,Not Applicable,2022,2.0,WB_GTMI,GovTech Maturity Index 2022,0,Units,NUMBER,Number (real number),602,CCYY,,A,Normal value,PU,Public
datastructure,WB.DATA360:DS_DATA360(1.2),I,A,Annual,TUN,Tunisia,WB_GTMI_GT2,Public Sector Delivery Index group,_T,Total,_T,All age ranges or no breakdown by age,_T,Total,NUMBER,Number,_Z,Not Applicable,_Z,Not Applicable,_Z,Not Applicable,2022,1.0,WB_GTMI,GovTech Maturity Index 2022,0,Units,NUMBER,Number (real number),602,CCYY,,A,Normal value,PU,Public
datastructure,WB.DATA360:DS_DATA360(1.2),I,A,Annual,TUR,Turkiye,WB_GTMI_GT2,Public Sector Delivery Index group,_T,Total,_T,All age ranges or no breakdown by age,_T,Total,NUMBER,Number,_Z,Not Applicable,_Z,Not Applicable,_Z,Not Applicable,2022,1.0,WB_GTMI,GovTech Maturity Index 2022,0,Units,NUMBER,Number (real number),602,CCYY,,A,Normal value,PU,Public
datastructure,WB.DATA360:DS_DATA360(1.2),I,A,Annual,TKM,Turkmenistan,WB_GTMI_GT2,Public Sector Delivery Index group,_T,Total,_T,All age ranges or no breakdown by age,_T,Total,NUMBER,Number,_Z,Not Applicable,_Z,Not Applicable,_Z,Not Applicable,2022,4.0,WB_GTMI,GovTech Maturity Index 2022,0,Units,NUMBER,Number (real number),602,CCYY,,A,Normal value,PU,Public
datastructure,WB.DATA360:DS_DATA360(1.2),I,A,Annual,TUV,Tuvalu,WB_GTMI_GT2,Public Sector Delivery Index group,_T,Total,_T,All age ranges or no breakdown by age,_T,Total,NUMBER,Number,_Z,Not Applicable,_Z,Not Applicable,_Z,Not Applicable,2022,4.0,WB_GTMI,GovTech Maturity Index 2022,0,Units,NUMBER,Number (real number),602,CCYY,,A,Normal value,PU,Public
datastructure,WB.DATA360:DS_DATA360(1.2),I,A,Annual,UGA,Uganda,WB_GTMI_GT2,Public Sector Delivery Index group,_T,Total,_T,All age ranges or no breakdown by age,_T,Total,NUMBER,Number,_Z,Not Applicable,_Z,Not Applicable,_Z,Not Applicable,2022,1.0,WB_GTMI,GovTech Maturity Index 2022,0,Units,NUMBER,Number (real number),602,CCYY,,A,Normal value,PU,Public
datastructure,WB.DATA360:DS_DATA360(1.2),I,A,Annual,UKR,Ukraine,WB_GTMI_GT2,Public Sector Delivery Index group,_T,Total,_T,All age ranges or no breakdown by age,_T,Total,NUMBER,Number,_Z,Not Applicable,_Z,Not Applicable,_Z,Not Applicable,2022,1.0,WB_GTMI,GovTech Maturity Index 2022,0,Units,NUMBER,Number (real number),602,CCYY,,A,Normal value,PU,Public
datastructure,WB.DATA360:DS_DATA360(1.2),I,A,Annual,ARE,United Arab Emirates,WB_GTMI_GT2,Public Sector Delivery Index group,_T,Total,_T,All age ranges or no breakdown by age,_T,Total,NUMBER,Number,_Z,Not Applicable,_Z,Not Applicable,_Z,Not Applicable,2022,1.0,WB_GTMI,GovTech Maturity Index 2022,0,Units,NUMBER,Number (real number),602,CCYY,,A,Normal value,PU,Public
datastructure,WB.DATA360:DS_DATA360(1.2),I,A,Annual,GBR,United Kingdom,WB_GTMI_GT2,Public Sector Delivery Index group,_T,Total,_T,All age ranges or no breakdown by age,_T,Total,NUMBER,Number,_Z,Not Applicable,_Z,Not Applicable,_Z,Not Applicable,2022,1.0,WB_GTMI,GovTech Maturity Index 2022,0,Units,NUMBER,Number (real number),602,CCYY,,A,Normal value,PU,Public
datastructure,WB.DATA360:DS_DATA360(1.2),I,A,Annual,USA,United States,WB_GTMI_GT2,Public Sector Delivery Index group,_T,Total,_T,All age ranges or no breakdown by age,_T,Total,NUMBER,Number,_Z,Not Applicable,_Z,Not Applicable,_Z,Not Applicable,2022,1.0,WB_GTMI,GovTech Maturity Index 2022,0,Units,NUMBER,Number (real number),602,CCYY,,A,Normal value,PU,Public
datastructure,WB.DATA360:DS_DATA360(1.2),I,A,Annual,URY,Uruguay,WB_GTMI_GT2,Public Sector Delivery Index group,_T,Total,_T,All age ranges or no breakdown by age,_T,Total,NUMBER,Number,_Z,Not Applicable,_Z,Not Applicable,_Z,Not Applicable,2022,1.0,WB_GTMI,GovTech Maturity Index 2022,0,Units,NUMBER,Number (real number),602,CCYY,,A,Normal value,PU,Public
datastructure,WB.DATA360:DS_DATA360(1.2),I,A,Annual,UZB,Uzbekistan,WB_GTMI_GT2,Public Sector Delivery Index group,_T,Total,_T,All age ranges or no breakdown by age,_T,Total,NUMBER,Number,_Z,Not Applicable,_Z,Not Applicable,_Z,Not Applicable,2022,1.0,WB_GTMI,GovTech Maturity Index 2022,0,Units,NUMBER,Number (real number),602,CCYY,,A,Normal value,PU,Public
datastructure,WB.DATA360:DS_DATA360(1.2),I,A,Annual,VUT,Vanuatu,WB_GTMI_GT2,Public Sector Delivery Index group,_T,Total,_T,All age ranges or no breakdown by age,_T,Total,NUMBER,Number,_Z,Not Applicable,_Z,Not Applicable,_Z,Not Applicable,2022,3.0,WB_GTMI,GovTech Maturity Index 2022,0,Units,NUMBER,Number (real number),602,CCYY,,A,Normal value,PU,Public
datastructure,WB.DATA360:DS_DATA360(1.2),I,A,Annual,VEN,"Venezuela, RB",WB_GTMI_GT2,Public Sector Delivery Index group,_T,Total,_T,All age ranges or no breakdown by age,_T,Total,NUMBER,Number,_Z,Not Applicable,_Z,Not Applicable,_Z,Not Applicable,2022,3.0,WB_GTMI,GovTech Maturity Index 2022,0,Units,NUMBER,Number (real number),602,CCYY,,A,Normal value,PU,Public
datastructure,WB.DATA360:DS_DATA360(1.2),I,A,Annual,VNM,Viet Nam,WB_GTMI_GT2,Public Sector Delivery Index group,_T,Total,_T,All age ranges or no breakdown by age,_T,Total,NUMBER,Number,_Z,Not Applicable,_Z,Not Applicable,_Z,Not Applicable,2022,1.0,WB_GTMI,GovTech Maturity Index 2022,0,Units,NUMBER,Number (real number),602,CCYY,,A,Normal value,PU,Public
datastructure,WB.DATA360:DS_DATA360(1.2),I,A,Annual,PSE,West Bank and Gaza,WB_GTMI_GT2,Public Sector Delivery Index group,_T,Total,_T,All age ranges or no breakdown by age,_T,Total,NUMBER,Number,_Z,Not Applicable,_Z,Not Applicable,_Z,Not Applicable,2022,2.0,WB_GTMI,GovTech Maturity Index 2022,0,Units,NUMBER,Number (real number),602,CCYY,,A,Normal value,PU,Public
datastructure,WB.DATA360:DS_DATA360(1.2),I,A,Annual,YEM,"Yemen, Rep.",WB_GTMI_GT2,Public Sector Delivery Index group,_T,Total,_T,All age ranges or no breakdown by age,_T,Total,NUMBER,Number,_Z,Not Applicable,_Z,Not Applicable,_Z,Not Applicable,2022,4.0,WB_GTMI,GovTech Maturity Index 2022,0,Units,NUMBER,Number (real number),602,CCYY,,A,Normal value,PU,Public
datastructure,WB.DATA360:DS_DATA360(1.2),I,A,Annual,ZMB,Zambia,WB_GTMI_GT2,Public Sector Delivery Index group,_T,Total,_T,All age ranges or no breakdown by age,_T,Total,NUMBER,Number,_Z,Not Applicable,_Z,Not Applicable,_Z,Not Applicable,2022,2.0,WB_GTMI,GovTech Maturity Index 2022,0,Units,NUMBER,Number (real number),602,CCYY,,A,Normal value,PU,Public
datastructure,WB.DATA360:DS_DATA360(1.2),I,A,Annual,ZWE,Zimbabwe,WB_GTMI_GT2,Public Sector Delivery Index group,_T,Total,_T,All age ranges or no breakdown by age,_T,Total,NUMBER,Number,_Z,Not Applicable,_Z,Not Applicable,_Z,Not Applicable,2022,3.0,WB_GTMI,GovTech Maturity Index 2022,0,Units,NUMBER,Number (real number),602,CCYY,,A,Normal value,PU,Public
